participant_id,comparison_id,prefers_w_word,preference_strength,word
1,just_e_1907,-1,1,just
1,only_1142,1,7,only
1,only_965,-1,1,only
1,just_j_10613,1,7,just
1,not_729,1,7,not
1,just_j_7769,1,7,just
1,not_319,1,7,not
1,control_00008,1,7,control
1,just_j_4012,1,7,just
1,only_1446,1,7,only
1,control_00011,1,7,control
1,only_1038,1,7,only
1,not_81,1,7,not
1,not_865,1,7,not
1,just_j_8011,1,7,just
1,not_686,1,7,not
1,just_e_1001,1,7,just
1,only_966,1,7,only
1,only_2232,-1,1,only
1,control_00010,1,7,control
1,not_383,1,7,not
1,control_00018,1,7,control
1,control_00023,1,7,control
1,not_367,1,7,not
1,just_j_1461,1,7,just
1,just_j_7873,1,7,just
1,only_501,-1,1,only
1,only_1493,-1,1,only
1,only_1891,0,4,only
1,not_226,1,7,not
1,only_1888,-1,1,only
1,control_00000,1,7,control
1,just_j_2438,-1,1,just
1,just_e_9268,1,7,just
1,control_00028,1,7,control
1,control_00013,1,7,control
1,only_1272,1,7,only
1,only_794,1,7,only
1,only_1579,1,7,only
1,not_1602,1,7,not
1,just_e_5138,1,7,just
1,control_00021,1,7,control
1,not_949,1,7,not
1,not_768,1,7,not
1,control_00027,1,7,control
1,only_1602,1,7,only
1,only_660,1,7,only
1,only_2333,1,7,only
1,control_00016,1,7,control
1,only_1368,1,7,only
1,only_687,1,7,only
1,not_1647,1,7,not
1,control_00024,1,7,control
1,just_j_12662,1,7,just
1,control_00020,1,7,control
1,only_2405,1,7,only
1,just_j_12718,1,7,just
1,not_7,1,7,not
1,just_j_788,1,7,just
1,not_702,1,7,not
1,control_00022,1,7,control
1,just_j_8242,-1,1,just
1,control_00026,1,7,control
1,control_00015,1,7,control
1,just_j_2164,-1,1,just
1,only_745,1,7,only
1,not_1570,1,7,not
1,only_649,1,7,only
1,not_460,1,7,not
1,just_j_8890,1,7,just
1,control_00025,1,7,control
1,control_00017,1,7,control
1,control_00029,1,7,control
1,control_00007,1,7,control
1,control_00003,1,7,control
1,control_00012,1,7,control
1,only_2118,1,7,only
1,only_1538,-1,1,only
1,not_1697,1,7,not
1,not_1700,1,7,not
1,just_j_638,1,7,just
1,only_1624,1,7,only
1,control_00009,1,7,control
1,control_00002,1,7,control
1,just_j_6768,1,7,just
1,control_00004,1,7,control
1,not_15,1,7,not
1,control_00006,1,7,control
1,control_00014,1,7,control
1,just_e_4508,1,7,just
1,not_309,1,7,not
1,only_1577,1,7,only
1,control_00005,1,7,control
1,just_e_9687,-1,2,just
1,only_2038,-1,1,only
1,not_379,1,7,not
1,not_302,1,7,not
1,not_272,1,7,not
1,just_j_1627,1,7,just
1,just_e_2717,1,7,just
1,only_1817,1,7,only
1,not_5,1,7,not
1,not_71,1,7,not
1,control_00001,1,7,control
1,only_2032,1,7,only
1,control_00019,1,7,control
1,not_969,1,7,not
1,just_j_5467,1,7,just
1,not_1686,1,7,not
1,just_j_4722,1,7,just
1,not_1154,1,7,not
1,not_244,1,7,not
1,only_491,1,7,only
1,only_315,-1,1,only
1,not_698,1,7,not
2,not_309,1,7,not
2,only_1272,1,6,only
2,control_00024,1,7,control
2,just_j_4722,-1,3,just
2,just_e_9687,-1,2,just
2,only_2232,-1,2,only
2,control_00026,1,7,control
2,only_1493,-1,1,only
2,control_00022,1,7,control
2,control_00018,1,7,control
2,just_j_8890,1,5,just
2,not_969,1,7,not
2,just_e_1907,-1,3,just
2,not_865,1,7,not
2,only_687,1,6,only
2,not_768,1,7,not
2,only_660,1,7,only
2,only_649,1,6,only
2,not_460,1,7,not
2,just_j_2438,1,6,just
2,just_j_638,1,7,just
2,not_383,-1,1,not
2,just_j_7873,1,6,just
2,control_00003,1,7,control
2,control_00002,1,7,control
2,just_j_7769,1,6,just
2,just_j_1461,-1,3,just
2,control_00016,1,7,control
2,only_1817,1,7,only
2,only_794,1,5,only
2,just_j_4012,-1,3,just
2,only_2038,1,6,only
2,just_j_10613,1,6,just
2,only_1602,1,7,only
2,just_e_2717,-1,2,just
2,just_e_5138,1,7,just
2,only_966,1,7,only
2,not_702,1,7,not
2,only_2405,1,6,only
2,only_1142,1,7,only
2,control_00010,1,7,control
2,only_1538,-1,2,only
2,not_81,1,7,not
2,control_00012,1,7,control
2,not_379,1,7,not
2,only_1038,1,7,only
2,just_j_6768,1,6,just
2,control_00009,1,7,control
2,not_949,1,7,not
2,just_e_4508,1,6,just
2,just_j_788,1,6,just
2,control_00023,1,7,control
2,just_e_9268,1,6,just
2,control_00000,1,7,control
2,just_j_8242,1,6,just
2,not_15,1,7,not
2,control_00027,1,7,control
2,control_00019,1,7,control
2,not_272,1,7,not
2,control_00011,1,7,control
2,control_00021,1,7,control
2,only_315,-1,1,only
2,not_1602,1,7,not
2,not_1686,1,7,not
2,not_319,1,7,not
2,control_00025,1,7,control
2,control_00017,1,7,control
2,only_965,1,6,only
2,only_2032,1,7,only
2,just_j_8011,1,7,just
2,only_1888,1,5,only
2,only_1624,1,7,only
2,just_j_5467,1,7,just
2,only_1446,1,7,only
2,control_00006,1,7,control
2,control_00001,1,7,control
2,only_1579,1,7,only
2,not_1647,1,7,not
2,not_5,1,7,not
2,only_2333,1,7,only
2,control_00004,1,7,control
2,control_00007,1,7,control
2,not_302,1,7,not
2,just_j_2164,1,6,just
2,not_1697,1,7,not
2,not_71,1,7,not
2,only_2118,1,7,only
2,not_244,1,7,not
2,control_00008,1,7,control
2,not_729,1,7,not
2,not_686,1,7,not
2,only_1577,1,7,only
2,just_e_1001,1,6,just
2,not_1154,1,7,not
2,not_698,1,7,not
2,control_00005,1,7,control
2,not_7,-1,2,not
2,just_j_12718,1,7,just
2,not_367,1,7,not
2,control_00020,1,7,control
2,only_745,1,7,only
2,control_00028,1,7,control
2,just_j_12662,1,7,just
2,control_00013,1,7,control
2,only_1891,-1,2,only
2,not_226,-1,1,not
2,control_00015,1,7,control
2,only_501,1,7,only
2,control_00014,1,7,control
2,not_1700,1,7,not
2,just_j_1627,1,7,just
2,control_00029,1,7,control
2,only_491,1,7,only
2,not_1570,1,7,not
2,only_1368,1,7,only
3,not_302,1,7,not
3,control_00003,1,7,control
3,just_e_1907,0,4,just
3,only_315,-1,2,only
3,not_7,1,5,not
3,control_00011,1,7,control
3,only_491,1,6,only
3,control_00008,1,7,control
3,just_j_7873,1,5,just
3,not_272,1,6,not
3,control_00016,1,7,control
3,only_1446,0,4,only
3,only_2032,1,6,only
3,only_2038,1,6,only
3,just_j_4012,1,6,just
3,control_00020,1,5,control
3,only_1538,-1,1,only
3,not_729,1,7,not
3,control_00028,1,7,control
3,control_00006,1,7,control
3,just_j_12718,1,6,just
3,control_00027,1,7,control
3,only_2118,1,6,only
3,just_j_5467,1,6,just
3,control_00026,1,7,control
3,just_j_10613,1,5,just
3,not_379,1,6,not
3,not_969,1,7,not
3,only_1577,1,6,only
3,control_00007,1,7,control
3,only_2405,1,6,only
3,only_966,1,6,only
3,not_1602,1,7,not
3,control_00001,1,6,control
3,just_j_1461,0,4,just
3,control_00015,1,7,control
3,just_j_8011,0,4,just
3,control_00024,1,7,control
3,only_1888,0,4,only
3,not_367,1,7,not
3,only_660,1,5,only
3,just_j_788,0,4,just
3,only_794,1,5,only
3,not_768,1,5,not
3,not_81,1,7,not
3,just_j_8890,0,4,just
3,control_00014,1,7,control
3,not_15,1,7,not
3,only_1817,1,7,only
3,control_00018,1,7,control
3,control_00009,1,7,control
3,only_1602,1,5,only
3,control_00019,1,7,control
3,control_00025,1,7,control
3,just_j_638,1,5,just
3,only_1038,0,4,only
3,control_00021,1,7,control
3,only_1493,1,5,only
3,not_1570,1,6,not
3,only_1579,1,6,only
3,just_j_6768,1,5,just
3,only_649,1,5,only
3,not_244,1,7,not
3,only_1142,1,6,only
3,just_j_2164,1,5,just
3,only_965,0,4,only
3,just_e_1001,0,4,just
3,just_j_2438,0,4,just
3,control_00022,1,7,control
3,only_1891,1,5,only
3,just_j_7769,1,5,just
3,not_949,1,6,not
3,not_1686,1,7,not
3,control_00002,1,7,control
3,only_1624,1,6,only
3,not_1647,1,7,not
3,not_698,1,6,not
3,only_1272,0,4,only
3,control_00012,1,7,control
3,just_j_8242,0,4,just
3,only_501,-1,3,only
3,control_00017,1,7,control
3,not_1697,1,6,not
3,only_1368,1,5,only
3,control_00005,1,7,control
3,not_1154,1,7,not
3,only_687,1,5,only
3,not_309,1,7,not
3,just_e_2717,1,6,just
3,not_319,1,6,not
3,control_00010,1,7,control
3,control_00029,1,7,control
3,just_j_4722,0,4,just
3,not_460,1,7,not
3,not_71,1,7,not
3,not_865,1,7,not
3,not_226,1,6,not
3,not_686,1,7,not
3,control_00000,1,7,control
3,not_1700,1,7,not
3,not_383,1,6,not
3,just_e_9268,0,4,just
3,control_00023,1,7,control
3,not_702,1,5,not
3,only_2333,1,6,only
3,just_e_9687,-1,3,just
3,only_2232,-1,3,only
3,control_00013,1,7,control
3,just_e_5138,1,6,just
3,just_e_4508,1,6,just
3,not_5,1,7,not
3,just_j_12662,1,5,just
3,control_00004,1,7,control
3,only_745,1,6,only
3,just_j_1627,1,5,just
4,just_j_2438,0,4,just
4,control_00021,1,7,control
4,not_865,1,7,not
4,just_j_1461,-1,1,just
4,control_00006,1,7,control
4,only_1446,1,7,only
4,only_1624,1,7,only
4,control_00026,1,7,control
4,not_1686,1,7,not
4,not_379,1,7,not
4,just_j_788,1,6,just
4,not_1700,1,7,not
4,only_1038,1,7,only
4,control_00002,1,7,control
4,control_00014,1,7,control
4,only_1142,1,7,only
4,control_00023,1,7,control
4,not_244,1,7,not
4,not_1602,1,7,not
4,not_319,1,5,not
4,only_687,0,4,only
4,only_1577,1,6,only
4,just_j_1627,1,7,just
4,not_1154,1,7,not
4,control_00003,1,7,control
4,only_2333,-1,3,only
4,only_491,1,6,only
4,just_j_5467,1,7,just
4,only_1538,-1,1,only
4,control_00008,1,7,control
4,only_2038,1,7,only
4,only_794,1,6,only
4,only_1493,0,4,only
4,only_1272,1,5,only
4,only_1891,0,4,only
4,not_686,1,6,not
4,just_j_12718,1,7,just
4,just_j_6768,1,7,just
4,control_00015,1,7,control
4,not_309,1,7,not
4,not_15,1,7,not
4,control_00020,0,4,control
4,not_367,1,7,not
4,only_2232,-1,1,only
4,control_00028,1,7,control
4,just_j_12662,1,7,just
4,not_460,1,7,not
4,control_00024,1,7,control
4,not_302,1,7,not
4,only_1579,1,7,only
4,control_00022,1,7,control
4,only_965,1,7,only
4,just_e_1907,1,7,just
4,not_1570,1,7,not
4,just_j_2164,1,7,just
4,not_226,1,7,not
4,control_00018,1,7,control
4,just_e_2717,-1,1,just
4,not_1647,1,7,not
4,not_272,1,7,not
4,not_698,-1,1,not
4,control_00011,1,7,control
4,only_966,1,7,only
4,control_00007,1,7,control
4,control_00004,1,7,control
4,only_1817,1,7,only
4,just_e_9687,1,7,just
4,control_00017,1,7,control
4,control_00001,1,7,control
4,control_00009,1,7,control
4,control_00005,1,7,control
4,not_5,1,7,not
4,not_383,-1,1,not
4,just_e_5138,1,7,just
4,just_j_4012,-1,1,just
4,only_2118,1,6,only
4,only_1602,1,7,only
4,control_00010,1,7,control
4,just_j_7769,-1,1,just
4,just_j_10613,-1,2,just
4,not_71,1,7,not
4,only_2032,1,7,only
4,just_e_9268,1,7,just
4,control_00027,1,7,control
4,only_315,-1,1,only
4,not_969,-1,1,not
4,only_745,-1,1,only
4,not_81,1,7,not
4,only_2405,1,7,only
4,just_e_4508,1,7,just
4,control_00029,1,7,control
4,control_00012,1,7,control
4,just_j_8890,1,7,just
4,control_00016,1,7,control
4,control_00025,1,7,control
4,only_1368,1,7,only
4,only_649,1,7,only
4,not_768,1,7,not
4,control_00019,1,7,control
4,only_501,1,7,only
4,not_1697,1,7,not
4,just_j_638,1,7,just
4,only_1888,1,7,only
4,not_949,1,7,not
4,only_660,1,7,only
4,control_00013,1,7,control
4,not_7,-1,3,not
4,just_e_1001,1,6,just
4,just_j_8242,-1,2,just
4,control_00000,1,7,control
4,just_j_8011,1,7,just
4,just_j_7873,-1,1,just
4,not_729,1,7,not
4,not_702,1,7,not
4,just_j_4722,-1,1,just
5,only_1493,-1,2,only
5,only_1817,1,6,only
5,control_00020,1,5,control
5,only_1579,1,7,only
5,control_00007,1,7,control
5,just_j_6768,1,6,just
5,not_698,1,7,not
5,only_491,1,5,only
5,not_319,1,7,not
5,control_00018,1,7,control
5,only_315,-1,2,only
5,just_j_8242,1,6,just
5,not_1602,1,7,not
5,not_244,1,7,not
5,only_1624,1,7,only
5,just_j_2164,1,7,just
5,not_729,1,7,not
5,just_j_638,1,7,just
5,only_1038,1,6,only
5,not_949,1,7,not
5,only_501,1,5,only
5,only_1888,1,6,only
5,not_379,1,7,not
5,just_j_1461,1,6,just
5,only_965,-1,2,only
5,only_2038,1,7,only
5,only_1891,1,6,only
5,only_2405,1,6,only
5,not_383,-1,1,not
5,control_00019,1,7,control
5,not_702,-1,1,not
5,control_00000,1,7,control
5,control_00006,1,7,control
5,control_00016,1,7,control
5,control_00004,1,7,control
5,just_j_7769,1,6,just
5,just_j_7873,1,5,just
5,control_00003,1,7,control
5,just_e_2717,1,6,just
5,control_00025,1,7,control
5,not_1686,1,7,not
5,just_j_1627,1,7,just
5,control_00028,1,7,control
5,control_00026,1,7,control
5,only_2232,-1,2,only
5,just_j_8890,1,5,just
5,control_00009,1,7,control
5,just_e_1907,-1,3,just
5,not_7,0,4,not
5,not_15,1,7,not
5,only_1577,1,7,only
5,control_00012,1,7,control
5,just_e_5138,1,7,just
5,control_00015,1,7,control
5,not_5,1,7,not
5,not_1700,1,7,not
5,just_j_5467,1,7,just
5,only_1142,1,7,only
5,not_686,1,7,not
5,not_226,1,5,not
5,only_649,1,6,only
5,control_00023,1,7,control
5,just_e_1001,1,6,just
5,just_j_8011,1,7,just
5,control_00029,1,7,control
5,control_00008,1,7,control
5,only_2333,1,7,only
5,just_j_4722,-1,1,just
5,control_00011,1,7,control
5,just_j_12662,1,7,just
5,only_660,1,6,only
5,only_1368,1,7,only
5,not_302,1,7,not
5,not_1647,1,7,not
5,control_00021,1,7,control
5,not_1570,1,6,not
5,control_00017,1,7,control
5,only_2032,1,5,only
5,control_00005,1,7,control
5,not_1154,-1,3,not
5,just_j_10613,1,7,just
5,control_00001,1,7,control
5,not_768,-1,3,not
5,not_1697,1,7,not
5,only_966,1,5,only
5,just_e_9268,1,6,just
5,control_00002,1,7,control
5,just_j_12718,1,7,just
5,control_00022,1,7,control
5,only_1602,1,6,only
5,only_1272,1,6,only
5,just_e_4508,1,7,just
5,not_309,1,7,not
5,control_00027,1,7,control
5,control_00013,1,7,control
5,not_81,1,7,not
5,not_367,1,7,not
5,not_969,1,7,not
5,control_00014,1,7,control
5,just_j_4012,1,7,just
5,not_71,1,7,not
5,only_1538,-1,2,only
5,just_e_9687,1,5,just
5,only_1446,1,6,only
5,not_272,1,5,not
5,only_794,1,7,only
5,not_460,1,7,not
5,not_865,1,7,not
5,just_j_2438,1,7,just
5,only_687,-1,2,only
5,just_j_788,1,6,just
5,only_745,-1,1,only
5,control_00024,1,7,control
5,control_00010,1,7,control
5,only_2118,1,7,only
6,only_745,-1,3,only
6,not_272,1,5,not
6,control_00018,1,7,control
6,control_00002,1,7,control
6,control_00016,1,7,control
6,not_969,-1,2,not
6,only_1038,1,6,only
6,not_71,1,7,not
6,only_501,1,6,only
6,control_00012,1,6,control
6,control_00014,1,7,control
6,control_00007,1,7,control
6,control_00026,1,7,control
6,not_309,1,7,not
6,only_2405,1,5,only
6,just_j_7769,1,6,just
6,not_7,-1,3,not
6,not_1602,1,6,not
6,only_1624,1,6,only
6,only_1446,0,4,only
6,just_j_638,1,6,just
6,not_686,1,7,not
6,control_00000,1,5,control
6,only_1493,-1,2,only
6,not_1700,-1,2,not
6,just_j_4012,1,6,just
6,not_1686,-1,2,not
6,control_00022,1,7,control
6,control_00010,1,5,control
6,only_1577,1,5,only
6,only_1891,1,5,only
6,just_e_1907,1,5,just
6,control_00005,1,6,control
6,control_00015,1,6,control
6,control_00008,1,6,control
6,control_00019,1,6,control
6,not_244,1,5,not
6,not_15,1,7,not
6,only_1272,1,6,only
6,not_768,1,6,not
6,only_965,1,6,only
6,just_j_788,1,5,just
6,only_1817,1,5,only
6,control_00017,1,7,control
6,just_j_6768,1,7,just
6,only_2118,1,6,only
6,only_649,-1,2,only
6,control_00024,1,6,control
6,just_j_2164,1,5,just
6,just_j_7873,-1,3,just
6,not_379,-1,2,not
6,not_865,-1,3,not
6,just_j_10613,1,6,just
6,not_698,1,6,not
6,not_367,1,6,not
6,control_00021,1,6,control
6,control_00028,1,7,control
6,just_j_8011,-1,2,just
6,not_302,1,6,not
6,not_5,-1,2,not
6,control_00029,1,7,control
6,not_1154,1,7,not
6,control_00025,1,7,control
6,just_j_8242,-1,1,just
6,only_660,1,7,only
6,just_j_1461,-1,3,just
6,control_00004,1,7,control
6,control_00011,1,7,control
6,not_319,1,7,not
6,only_966,-1,1,only
6,just_e_1001,1,5,just
6,only_1579,-1,2,only
6,just_e_9268,1,7,just
6,control_00006,1,7,control
6,not_1570,1,7,not
6,control_00009,1,7,control
6,just_e_2717,-1,3,just
6,only_2232,-1,1,only
6,control_00001,1,7,control
6,just_e_4508,1,5,just
6,just_j_8890,-1,3,just
6,not_949,1,6,not
6,control_00003,1,7,control
6,only_687,-1,2,only
6,just_j_12718,1,6,just
6,just_j_2438,-1,2,just
6,only_1368,-1,2,only
6,just_e_5138,1,6,just
6,not_383,1,7,not
6,just_j_12662,1,6,just
6,control_00020,0,4,control
6,not_1647,1,6,not
6,control_00023,1,7,control
6,only_1602,1,5,only
6,control_00027,1,6,control
6,just_j_5467,1,7,just
6,only_1142,1,6,only
6,just_j_4722,-1,2,just
6,only_1538,-1,2,only
6,only_2333,-1,2,only
6,not_1697,1,7,not
6,control_00013,1,7,control
6,only_1888,1,6,only
6,not_226,-1,2,not
6,only_491,1,5,only
6,not_702,1,7,not
6,just_j_1627,1,6,just
6,not_729,1,7,not
6,just_e_9687,-1,2,just
6,not_460,1,7,not
6,only_2038,1,6,only
6,only_794,1,6,only
6,only_2032,1,5,only
6,not_81,1,7,not
6,only_315,-1,1,only
7,just_j_788,-1,1,just
7,only_2405,-1,1,only
7,just_e_1001,1,7,just
7,not_1602,1,7,not
7,control_00006,1,7,control
7,only_1272,-1,1,only
7,only_660,1,7,only
7,not_81,1,7,not
7,just_j_2164,1,7,just
7,not_460,1,7,not
7,just_e_2717,1,7,just
7,not_1570,1,7,not
7,not_71,1,7,not
7,just_j_6768,1,7,just
7,not_7,1,7,not
7,control_00015,1,7,control
7,only_1368,1,7,only
7,control_00017,1,7,control
7,only_966,1,7,only
7,control_00014,1,7,control
7,not_969,1,7,not
7,control_00005,1,7,control
7,control_00008,1,7,control
7,not_319,1,7,not
7,just_e_1907,-1,1,just
7,just_j_12718,0,4,just
7,just_e_4508,1,7,just
7,control_00016,1,7,control
7,control_00003,1,7,control
7,just_j_1461,-1,1,just
7,only_491,1,7,only
7,control_00010,1,7,control
7,not_379,1,7,not
7,only_501,-1,1,only
7,not_698,-1,1,not
7,not_383,1,7,not
7,only_1577,1,7,only
7,control_00028,1,7,control
7,not_309,1,7,not
7,just_j_4012,1,7,just
7,only_1038,1,7,only
7,control_00000,1,7,control
7,not_768,-1,1,not
7,only_2232,-1,1,only
7,not_949,1,7,not
7,not_702,1,7,not
7,control_00027,1,7,control
7,not_244,1,7,not
7,only_2032,1,7,only
7,only_2118,1,7,only
7,control_00007,1,7,control
7,not_15,1,7,not
7,just_e_9268,-1,1,just
7,not_729,1,7,not
7,only_2038,1,7,only
7,just_j_7873,1,7,just
7,not_686,1,7,not
7,control_00002,1,7,control
7,not_1154,1,7,not
7,only_1446,1,7,only
7,only_1888,1,7,only
7,not_226,1,7,not
7,not_1697,1,7,not
7,just_j_8242,-1,1,just
7,just_j_5467,1,7,just
7,only_649,1,7,only
7,not_272,1,7,not
7,just_j_4722,-1,1,just
7,only_745,-1,1,only
7,just_j_2438,1,7,just
7,not_1647,1,7,not
7,not_367,1,7,not
7,control_00024,1,7,control
7,just_j_638,1,7,just
7,control_00001,1,7,control
7,not_5,1,7,not
7,control_00021,1,7,control
7,just_e_5138,-1,1,just
7,just_j_7769,1,7,just
7,only_794,1,7,only
7,just_j_1627,1,7,just
7,only_1602,1,7,only
7,just_j_12662,1,7,just
7,control_00004,1,7,control
7,control_00013,1,7,control
7,only_1891,1,7,only
7,control_00025,1,7,control
7,not_865,1,7,not
7,only_1538,-1,1,only
7,only_1817,1,7,only
7,only_2333,1,7,only
7,only_965,-1,1,only
7,just_j_8890,1,7,just
7,just_e_9687,1,7,just
7,not_302,1,7,not
7,control_00023,1,7,control
7,just_j_10613,1,7,just
7,control_00018,1,7,control
7,control_00011,1,7,control
7,only_1579,1,7,only
7,only_1624,1,7,only
7,only_315,-1,1,only
7,control_00022,1,7,control
7,control_00012,1,7,control
7,just_j_8011,1,7,just
7,only_1493,-1,1,only
7,control_00026,1,7,control
7,only_687,1,7,only
7,control_00029,1,7,control
7,not_1700,1,7,not
7,control_00009,1,7,control
7,control_00019,1,7,control
7,only_1142,1,7,only
7,control_00020,1,7,control
7,not_1686,1,7,not
8,only_1493,1,6,only
8,only_1817,1,6,only
8,control_00020,0,4,control
8,only_1579,1,5,only
8,control_00007,1,6,control
8,just_j_6768,1,6,just
8,not_698,1,5,not
8,only_491,1,5,only
8,not_319,1,6,not
8,control_00018,1,6,control
8,only_315,-1,2,only
8,just_j_8242,1,6,just
8,not_1602,1,5,not
8,not_244,1,6,not
8,only_1624,1,6,only
8,just_j_2164,-1,3,just
8,not_729,1,6,not
8,just_j_638,1,5,just
8,only_1038,1,6,only
8,not_949,1,5,not
8,only_501,1,6,only
8,only_1888,1,6,only
8,not_379,1,6,not
8,just_j_1461,1,5,just
8,only_965,1,5,only
8,only_2038,-1,2,only
8,only_1891,-1,2,only
8,only_2405,1,6,only
8,not_383,1,5,not
8,control_00019,1,5,control
8,not_702,-1,3,not
8,control_00000,1,6,control
8,control_00006,1,5,control
8,control_00016,1,6,control
8,control_00004,1,6,control
8,just_j_7769,1,5,just
8,just_j_7873,1,6,just
8,control_00003,1,5,control
8,just_e_2717,-1,3,just
8,control_00025,1,6,control
8,not_1686,1,6,not
8,just_j_1627,1,6,just
8,control_00028,1,5,control
8,control_00026,1,6,control
8,only_2232,1,6,only
8,just_j_8890,1,6,just
8,control_00009,1,5,control
8,just_e_1907,-1,2,just
8,not_7,1,5,not
8,not_15,1,6,not
8,only_1577,1,6,only
8,control_00012,1,6,control
8,just_e_5138,1,5,just
8,control_00015,1,6,control
8,not_5,1,6,not
8,not_1700,1,6,not
8,just_j_5467,1,6,just
8,only_1142,-1,3,only
8,not_686,1,6,not
8,not_226,1,6,not
8,only_649,-1,3,only
8,control_00023,1,6,control
8,just_e_1001,1,6,just
8,just_j_8011,1,6,just
8,control_00029,1,6,control
8,control_00008,1,6,control
8,only_2333,1,6,only
8,just_j_4722,-1,2,just
8,just_j_12662,1,6,just
8,only_660,1,6,only
8,control_00011,1,6,control
8,only_1368,1,6,only
8,not_302,1,6,not
8,not_1647,-1,2,not
8,control_00021,1,6,control
8,not_1570,1,6,not
8,control_00017,1,6,control
8,only_2032,1,6,only
8,control_00005,1,6,control
8,not_1154,1,6,not
8,just_j_10613,1,6,just
8,control_00001,1,6,control
8,not_768,1,6,not
8,not_1697,1,6,not
8,only_966,1,6,only
8,just_e_9268,1,6,just
8,control_00002,1,5,control
8,just_j_12718,1,6,just
8,control_00022,1,6,control
8,only_1602,1,6,only
8,only_1272,-1,3,only
8,just_e_4508,1,6,just
8,not_309,1,6,not
8,control_00027,1,6,control
8,control_00013,1,6,control
8,not_81,1,6,not
8,not_367,1,6,not
8,not_969,1,5,not
8,control_00014,1,6,control
8,just_j_4012,-1,2,just
8,not_71,1,5,not
8,only_1538,1,6,only
8,just_e_9687,1,6,just
8,only_1446,1,6,only
8,not_272,1,6,not
8,only_794,1,6,only
8,not_460,1,6,not
8,not_865,1,6,not
8,just_j_2438,1,6,just
8,only_687,1,6,only
8,just_j_788,1,6,just
8,only_745,1,6,only
8,control_00024,1,5,control
8,control_00010,1,6,control
8,only_2118,1,6,only
9,not_302,1,7,not
9,control_00003,1,7,control
9,just_e_1907,0,4,just
9,only_315,-1,1,only
9,not_7,-1,2,not
9,control_00011,1,7,control
9,only_491,1,7,only
9,control_00008,1,7,control
9,just_j_7873,1,6,just
9,not_272,1,6,not
9,control_00016,1,7,control
9,only_1446,1,7,only
9,only_2032,1,6,only
9,only_2038,1,6,only
9,just_j_4012,1,6,just
9,control_00020,1,7,control
9,only_1538,0,4,only
9,not_729,1,7,not
9,control_00028,1,7,control
9,control_00006,1,7,control
9,just_j_12718,-1,1,just
9,control_00027,1,7,control
9,only_2118,1,7,only
9,just_j_5467,1,7,just
9,control_00026,1,7,control
9,just_j_10613,1,6,just
9,not_379,1,7,not
9,not_969,1,7,not
9,only_1577,1,6,only
9,control_00007,1,7,control
9,only_2405,1,7,only
9,only_966,0,4,only
9,not_1602,1,7,not
9,control_00001,1,7,control
9,just_j_1461,1,5,just
9,control_00015,1,7,control
9,just_j_8011,0,4,just
9,control_00024,1,7,control
9,only_1888,-1,1,only
9,not_367,1,6,not
9,only_660,1,7,only
9,just_j_788,1,6,just
9,only_794,1,7,only
9,not_768,0,4,not
9,not_81,1,7,not
9,just_j_8890,1,5,just
9,control_00014,1,7,control
9,not_15,1,7,not
9,only_1817,1,7,only
9,control_00018,1,7,control
9,control_00009,1,7,control
9,only_1602,1,7,only
9,control_00019,1,7,control
9,control_00025,1,7,control
9,just_j_638,1,6,just
9,only_1038,1,7,only
9,control_00021,1,7,control
9,only_1493,-1,1,only
9,not_1570,1,7,not
9,only_1579,1,6,only
9,just_j_6768,0,4,just
9,only_649,1,7,only
9,not_244,0,4,not
9,only_1142,1,7,only
9,just_j_2164,0,4,just
9,only_965,0,4,only
9,just_e_1001,1,6,just
9,just_j_2438,0,4,just
9,control_00022,1,7,control
9,only_1891,-1,2,only
9,just_j_7769,0,4,just
9,not_949,1,7,not
9,not_1686,1,7,not
9,control_00002,1,7,control
9,only_1624,1,7,only
9,not_1647,0,4,not
9,not_698,1,7,not
9,only_1272,0,4,only
9,control_00012,1,7,control
9,just_j_8242,0,4,just
9,only_501,0,4,only
9,control_00017,1,7,control
9,not_1697,1,7,not
9,only_1368,1,7,only
9,control_00005,1,7,control
9,not_1154,0,4,not
9,only_687,1,5,only
9,not_309,1,7,not
9,just_e_2717,1,7,just
9,not_319,1,6,not
9,control_00010,1,7,control
9,control_00029,1,7,control
9,just_j_4722,1,5,just
9,not_460,1,7,not
9,not_71,1,7,not
9,not_865,1,7,not
9,not_226,1,6,not
9,not_686,1,7,not
9,control_00000,1,7,control
9,not_1700,1,7,not
9,not_383,-1,1,not
9,just_e_9268,1,7,just
9,control_00023,1,7,control
9,not_702,1,7,not
9,only_2333,1,7,only
9,just_e_9687,0,4,just
9,only_2232,-1,2,only
9,control_00013,1,7,control
9,just_e_5138,1,7,just
9,just_e_4508,1,7,just
9,not_5,1,7,not
9,just_j_12662,1,7,just
9,control_00004,1,7,control
9,only_745,0,4,only
9,just_j_1627,1,7,just
1,control_00037,1,7,control
1,only_3779,1,7,only
1,only_3302,1,7,only
1,not_1774,1,7,not
1,control_00051,1,7,control
1,just_j_10555,-1,3,just
1,control_00040,1,7,control
1,control_00058,1,7,control
1,control_00041,1,7,control
1,just_e_569,1,7,just
1,just_e_1043,1,7,just
1,only_2703,-1,1,only
1,not_1270,1,7,not
1,just_e_11908,0,4,just
1,just_j_2141,-1,3,just
1,only_3393,1,7,only
1,not_1668,1,7,not
1,just_e_9416,1,7,just
1,just_e_4966,1,7,just
1,not_1385,1,7,not
1,not_2405,1,7,not
1,only_3674,1,7,only
1,only_3340,-1,1,only
1,control_00048,1,7,control
1,only_2903,1,7,only
1,only_3465,1,7,only
1,control_00036,1,7,control
1,just_j_2401,1,6,just
1,just_e_9397,1,7,just
1,just_e_2612,1,7,just
1,just_j_7614,1,7,just
1,not_2378,1,7,not
1,not_1608,1,7,not
1,only_2470,-1,2,only
1,just_e_5473,1,6,just
1,not_2698,1,7,not
1,just_e_976,1,7,just
1,just_e_12686,1,6,just
1,just_e_1246,1,7,just
1,not_2160,1,7,not
1,control_00043,1,7,control
1,only_3394,1,7,only
1,not_1406,1,7,not
1,not_2047,1,7,not
1,control_00053,1,7,control
1,just_j_5388,1,7,just
1,not_1754,1,7,not
1,not_1776,1,7,not
1,only_3483,1,7,only
1,just_e_7244,1,7,just
1,not_2138,1,7,not
1,not_1347,1,7,not
1,control_00045,1,7,control
1,only_4172,1,7,only
1,not_2497,1,7,not
1,not_1353,1,7,not
1,just_e_6323,1,7,just
1,not_2168,1,7,not
1,control_00054,1,7,control
1,just_e_1267,1,7,just
1,control_00057,1,7,control
1,not_2551,1,7,not
1,just_e_3966,-1,2,just
1,only_3999,1,6,only
1,control_00046,1,7,control
1,only_3392,1,7,only
1,not_1721,1,7,not
1,control_00052,1,7,control
1,just_j_8362,1,7,just
1,control_00056,1,7,control
1,just_e_5758,1,7,just
1,control_00049,1,7,control
1,not_1663,1,7,not
1,just_e_6664,1,5,just
1,not_1286,1,7,not
1,only_3570,-1,1,only
1,only_4003,1,5,only
1,only_3332,1,7,only
1,just_j_8556,1,7,just
1,control_00055,1,7,control
1,control_00047,1,7,control
1,control_00059,1,7,control
1,control_00034,1,7,control
1,control_00032,1,7,control
1,control_00042,1,7,control
1,not_2456,1,7,not
1,not_1760,1,7,not
1,only_3843,1,7,only
1,only_3867,0,4,only
1,just_j_498,1,7,just
1,not_1804,1,6,not
1,control_00038,1,7,control
1,control_00031,1,7,control
1,just_e_472,1,7,just
1,control_00033,1,7,control
1,just_j_11362,1,7,just
1,control_00035,1,7,control
1,control_00050,1,7,control
1,just_e_2798,1,7,just
1,only_2695,-1,1,only
1,not_1761,1,7,not
1,control_00030,1,7,control
1,just_e_2762,1,7,just
1,not_2148,1,7,not
1,only_3267,-1,1,only
1,control_00039,1,7,control
1,only_2682,1,7,only
1,only_2678,1,7,only
1,just_j_2485,1,7,just
1,just_e_4632,-1,3,just
1,not_1819,1,7,not
1,just_e_5739,1,7,just
1,just_j_8648,1,7,just
1,not_2467,1,7,not
1,not_2142,1,5,not
1,control_00044,1,7,control
1,only_3484,-1,3,only
1,just_e_1157,1,7,just
1,only_3792,1,7,only
1,just_j_2522,1,7,just
1,only_3568,-1,1,only
1,only_2627,1,7,only
1,only_3930,-1,3,only
1,only_3896,-1,1,only
1,only_3385,1,6,only
2,control_00054,1,7,control
2,only_3392,1,6,only
2,just_j_2522,1,5,just
2,only_3483,0,4,only
2,control_00057,1,7,control
2,not_1663,1,7,not
2,just_j_11362,1,6,just
2,just_e_1043,1,6,just
2,control_00032,1,7,control
2,just_e_2762,1,6,just
2,only_3332,1,6,only
2,just_e_12686,1,7,just
2,control_00033,1,7,control
2,control_00048,1,6,control
2,only_4172,1,7,only
2,only_2695,1,6,only
2,just_j_8556,1,7,just
2,not_2497,1,7,not
2,not_1406,-1,3,not
2,only_2678,1,6,only
2,only_4003,1,7,only
2,just_e_9397,0,4,just
2,only_3465,1,5,only
2,not_2047,1,6,not
2,control_00056,1,7,control
2,not_1270,1,7,not
2,just_j_498,1,6,just
2,not_1608,-1,1,not
2,only_3394,1,6,only
2,just_e_2612,1,7,just
2,not_1347,1,6,not
2,only_3302,1,7,only
2,not_1754,1,7,not
2,control_00052,1,7,control
2,not_1385,1,7,not
2,control_00043,1,7,control
2,just_e_11908,1,7,just
2,not_2456,1,7,not
2,just_e_569,1,6,just
2,just_j_8362,1,7,just
2,just_e_4632,1,6,just
2,just_j_2141,1,7,just
2,just_j_5388,-1,3,just
2,not_1804,1,6,not
2,control_00042,1,7,control
2,just_e_976,1,6,just
2,not_2698,1,7,not
2,not_1819,1,6,not
2,control_00049,1,7,control
2,not_1776,-1,2,not
2,just_e_5473,1,7,just
2,control_00044,1,7,control
2,only_3267,1,6,only
2,control_00055,1,7,control
2,only_3484,1,6,only
2,just_e_472,1,7,just
2,control_00051,1,7,control
2,not_2405,1,6,not
2,just_e_2798,1,7,just
2,just_j_7614,1,6,just
2,control_00053,1,7,control
2,just_e_1246,1,7,just
2,control_00046,1,7,control
2,control_00045,1,7,control
2,control_00041,1,7,control
2,just_j_10555,1,7,just
2,only_3896,0,4,only
2,only_3674,1,6,only
2,only_3792,1,6,only
2,only_2703,1,5,only
2,not_1760,1,7,not
2,not_2551,1,7,not
2,not_1353,1,7,not
2,not_2378,1,7,not
2,just_e_9416,1,7,just
2,not_2148,1,7,not
2,control_00047,1,7,control
2,just_e_1157,1,7,just
2,not_1721,1,7,not
2,control_00036,1,7,control
2,control_00031,1,7,control
2,not_1774,1,7,not
2,only_3779,1,7,only
2,just_e_5739,1,7,just
2,not_2467,1,7,not
2,control_00034,1,7,control
2,control_00037,1,7,control
2,not_2142,1,7,not
2,only_2682,1,7,only
2,not_2168,1,7,not
2,just_e_6664,1,7,just
2,only_3843,1,7,only
2,just_j_8648,1,7,just
2,not_2160,1,7,not
2,only_2627,1,7,only
2,control_00035,1,7,control
2,only_3393,1,7,only
2,only_3340,1,6,only
2,not_1761,1,7,not
2,just_e_4966,1,6,just
2,only_3568,1,6,only
2,just_e_5758,1,7,just
2,only_3385,1,6,only
2,control_00030,1,7,control
2,just_e_7244,1,7,just
2,just_e_3966,1,7,just
2,only_2903,1,7,only
2,control_00050,1,7,control
2,not_1286,1,7,not
2,control_00058,1,7,control
2,just_e_1267,1,7,just
2,control_00038,1,7,control
2,not_2138,-1,1,not
2,only_2470,1,7,only
2,control_00040,1,7,control
2,only_3999,1,7,only
2,control_00039,1,7,control
2,only_3867,1,6,only
2,just_j_2401,1,6,just
2,just_j_2485,1,7,just
2,control_00059,1,7,control
2,only_3930,1,6,only
2,only_3570,1,7,only
2,just_e_6323,1,6,just
2,not_1668,1,7,not
3,not_2467,1,7,not
3,control_00033,1,7,control
3,only_3570,-1,3,only
3,just_j_2141,1,6,just
3,only_3393,1,5,only
3,only_2903,1,5,only
3,control_00042,1,7,control
3,control_00030,1,7,control
3,just_e_2612,1,7,just
3,only_3484,-1,2,only
3,only_3394,1,6,only
3,only_3674,1,6,only
3,control_00046,1,7,control
3,only_3930,1,6,only
3,just_e_1043,1,5,just
3,control_00055,1,7,control
3,only_2682,1,6,only
3,only_3267,-1,2,only
3,control_00034,1,7,control
3,control_00057,1,7,control
3,not_1776,1,7,not
3,just_e_7244,1,6,just
3,not_1347,1,5,not
3,just_e_976,1,6,just
3,not_1721,1,7,not
3,just_e_1157,1,6,just
3,just_e_11908,1,6,just
3,control_00037,1,7,control
3,control_00032,1,7,control
3,control_00056,1,7,control
3,not_2047,1,6,not
3,just_e_3966,-1,3,just
3,only_2678,-1,3,only
3,not_1406,1,5,not
3,not_2160,1,6,not
3,not_2497,1,6,not
3,just_e_9397,0,4,just
3,control_00041,1,7,control
3,just_e_9416,1,5,just
3,control_00053,1,7,control
3,not_1761,1,6,not
3,not_2138,1,6,not
3,control_00039,1,7,control
3,only_4172,1,5,only
3,just_j_7614,1,6,just
3,just_e_5758,1,5,just
3,not_1385,1,6,not
3,not_1754,1,6,not
3,just_e_5473,0,4,just
3,just_j_8556,1,6,just
3,control_00040,1,7,control
3,just_j_11362,1,5,just
3,only_3896,-1,3,only
3,control_00045,1,7,control
3,control_00035,1,7,control
3,not_2148,1,6,not
3,not_1804,1,7,not
3,control_00043,1,7,control
3,control_00054,1,7,control
3,just_j_498,0,4,just
3,not_1608,1,7,not
3,control_00049,1,7,control
3,not_1760,1,7,not
3,just_e_569,1,6,just
3,just_e_472,1,5,just
3,only_4003,1,5,only
3,only_2627,1,5,only
3,not_1774,1,6,not
3,just_e_6664,1,5,just
3,not_1353,1,6,not
3,just_e_4966,1,6,just
3,just_e_12686,0,4,just
3,control_00050,1,7,control
3,not_2142,1,6,not
3,just_j_10555,0,4,just
3,only_3483,-1,3,only
3,only_3792,1,6,only
3,not_2551,1,5,not
3,not_1819,1,6,not
3,only_3779,1,6,only
3,only_3385,1,6,only
3,not_1663,1,6,not
3,control_00048,1,7,control
3,just_j_8362,1,6,just
3,only_3999,1,6,only
3,not_2405,1,6,not
3,only_3843,1,6,only
3,not_1668,1,6,not
3,control_00031,1,7,control
3,only_3568,0,4,only
3,not_1270,1,6,not
3,only_2695,1,5,only
3,just_e_4632,1,5,just
3,only_2703,-1,3,only
3,control_00036,1,7,control
3,control_00059,1,7,control
3,just_j_2522,1,6,just
3,only_3332,1,6,only
3,just_j_8648,1,6,just
3,only_3465,1,5,only
3,only_2470,1,6,only
3,only_3340,0,4,only
3,not_2456,1,6,not
3,only_3867,0,4,only
3,only_3302,1,6,only
3,just_e_1246,1,6,just
3,control_00052,1,7,control
3,only_3392,1,6,only
3,not_2378,1,6,not
3,control_00044,1,7,control
3,just_e_2762,1,6,just
3,not_2168,1,6,not
3,control_00038,1,7,control
3,control_00047,1,7,control
3,just_j_5388,0,4,just
3,just_e_2798,1,6,just
3,just_e_5739,1,5,just
3,control_00051,1,7,control
3,just_e_1267,1,6,just
3,just_e_6323,-1,3,just
3,not_2698,1,6,not
3,not_1286,1,6,not
3,just_j_2485,1,6,just
3,just_j_2401,1,5,just
3,control_00058,1,7,control
4,not_1774,1,6,not
4,control_00033,1,7,control
4,just_e_12686,1,7,just
4,just_e_976,1,6,just
4,not_1761,1,6,not
4,only_3792,1,7,only
4,only_2470,1,7,only
4,just_e_9397,-1,2,just
4,control_00051,1,7,control
4,not_2378,1,7,not
4,control_00056,1,7,control
4,not_2467,1,7,not
4,only_3930,1,6,only
4,control_00031,1,7,control
4,control_00036,1,7,control
4,only_3674,1,6,only
4,only_2678,-1,2,only
4,not_2497,1,7,not
4,control_00044,1,7,control
4,not_1353,1,7,not
4,control_00053,1,7,control
4,not_1721,1,7,not
4,control_00048,1,5,control
4,not_2138,1,7,not
4,not_1760,1,7,not
4,just_e_4632,1,6,just
4,not_1819,1,7,not
4,just_j_2485,1,7,just
4,only_3867,-1,1,only
4,not_1804,1,6,not
4,not_1754,1,7,not
4,only_2703,-1,1,only
4,just_e_1157,1,7,just
4,just_j_7614,1,7,just
4,only_3267,-1,2,only
4,control_00030,1,7,control
4,not_1608,1,7,not
4,only_3385,1,6,only
4,not_1406,1,7,not
4,control_00058,1,7,control
4,not_1347,1,7,not
4,not_2168,1,7,not
4,only_3465,-1,2,only
4,just_e_3966,1,6,just
4,just_e_472,0,4,just
4,not_2160,1,7,not
4,only_2695,0,4,only
4,just_j_11362,0,4,just
4,control_00050,1,7,control
4,only_2903,0,4,only
4,just_e_6664,1,5,just
4,only_3568,0,4,only
4,just_e_1267,1,6,just
4,only_3332,1,7,only
4,not_2698,1,7,not
4,just_j_2141,1,5,just
4,only_2682,1,6,only
4,control_00045,1,7,control
4,control_00052,1,7,control
4,not_1663,1,7,not
4,just_e_11908,1,5,just
4,not_1270,1,7,not
4,only_3570,1,5,only
4,only_3340,-1,2,only
4,only_2627,0,4,only
4,only_3779,1,5,only
4,control_00041,1,7,control
4,control_00049,1,7,control
4,control_00037,1,7,control
4,control_00034,1,7,control
4,just_e_6323,1,6,just
4,not_1385,1,7,not
4,not_2148,1,7,not
4,just_e_2762,1,7,just
4,control_00047,1,7,control
4,not_2551,1,7,not
4,control_00039,1,7,control
4,control_00035,1,7,control
4,just_e_5739,0,4,just
4,only_3302,0,4,only
4,just_j_5388,0,4,just
4,just_e_1043,1,7,just
4,control_00054,1,7,control
4,not_1776,1,7,not
4,control_00040,1,7,control
4,just_j_10555,1,5,just
4,just_e_569,1,7,just
4,just_j_8648,1,5,just
4,not_2142,1,7,not
4,just_e_1246,1,7,just
4,control_00057,1,7,control
4,only_3896,1,6,only
4,only_3484,0,4,only
4,not_1286,1,7,not
4,just_e_5473,1,5,just
4,not_2405,-1,2,not
4,just_e_2798,1,7,just
4,control_00032,1,7,control
4,control_00059,1,7,control
4,control_00042,1,7,control
4,just_j_8556,1,7,just
4,control_00046,1,7,control
4,control_00055,1,7,control
4,not_1668,1,7,not
4,only_4003,0,4,only
4,only_3394,1,6,only
4,control_00043,1,7,control
4,only_3999,0,4,only
4,only_3843,1,6,only
4,just_j_498,-1,3,just
4,not_2047,1,7,not
4,only_3483,0,4,only
4,just_j_2401,1,5,just
4,only_4172,0,4,only
4,control_00038,1,7,control
4,just_e_7244,1,7,just
4,just_e_4966,1,6,just
4,just_j_8362,1,7,just
4,just_e_5758,0,4,just
4,not_2456,1,7,not
4,just_e_9416,1,7,just
4,just_e_2612,1,7,just
4,only_3393,1,5,only
4,only_3392,1,5,only
4,just_j_2522,0,4,just
5,just_e_6664,1,5,just
5,not_1761,1,7,not
5,only_3340,1,5,only
5,not_2148,1,7,not
5,just_e_472,1,6,just
5,only_3393,1,6,only
5,only_2703,-1,1,only
5,not_1774,1,7,not
5,not_1406,1,7,not
5,just_e_6323,-1,2,just
5,only_3385,1,6,only
5,only_3483,-1,2,only
5,control_00056,1,7,control
5,only_3392,1,7,only
5,not_2168,1,7,not
5,control_00057,1,7,control
5,not_1819,1,6,not
5,not_1608,1,7,not
5,control_00048,1,7,control
5,just_j_498,1,6,just
5,control_00053,1,7,control
5,not_2047,1,7,not
5,only_2470,1,6,only
5,just_j_2141,1,6,just
5,control_00059,1,7,control
5,control_00050,1,7,control
5,only_3267,-1,1,only
5,just_e_9397,1,6,just
5,not_2138,1,7,not
5,not_2405,-1,3,not
5,not_2551,1,7,not
5,only_3302,1,6,only
5,just_j_8362,1,7,just
5,only_2627,1,5,only
5,not_2698,1,6,not
5,control_00036,1,7,control
5,control_00046,1,7,control
5,only_3674,1,7,only
5,just_j_10555,1,5,just
5,just_e_2612,1,7,just
5,only_3896,1,7,only
5,just_e_4632,1,6,just
5,not_2142,-1,1,not
5,only_3999,-1,2,only
5,just_j_2485,1,7,just
5,control_00058,1,7,control
5,control_00054,1,7,control
5,control_00055,1,7,control
5,just_j_8556,1,7,just
5,control_00039,1,7,control
5,just_e_11908,1,6,just
5,just_e_976,1,7,just
5,just_e_7244,1,7,just
5,just_j_11362,-1,2,just
5,control_00045,1,7,control
5,only_3867,1,7,only
5,control_00042,1,7,control
5,just_j_5388,1,7,just
5,not_1804,0,4,not
5,just_e_5739,-1,2,just
5,only_3792,-1,1,only
5,not_1754,1,7,not
5,only_3930,0,4,only
5,just_e_1157,1,7,just
5,not_2467,1,7,not
5,control_00037,1,7,control
5,only_4003,1,6,only
5,not_1353,-1,1,not
5,just_e_4966,1,6,just
5,just_e_9416,1,7,just
5,not_2456,1,7,not
5,just_j_2401,1,6,just
5,control_00038,1,7,control
5,control_00032,1,7,control
5,not_2497,1,7,not
5,just_j_2522,-1,2,just
5,control_00041,1,7,control
5,just_e_1267,1,7,just
5,only_4172,-1,2,only
5,not_1668,-1,3,not
5,only_2682,1,7,only
5,only_3779,1,7,only
5,control_00051,1,7,control
5,only_3570,1,7,only
5,control_00047,1,7,control
5,not_2378,1,7,not
5,control_00034,1,7,control
5,only_3568,1,6,only
5,just_e_569,1,7,just
5,control_00030,1,7,control
5,only_3394,1,7,only
5,only_3843,1,7,only
5,not_1385,1,6,not
5,just_e_1246,1,7,just
5,control_00031,1,7,control
5,just_e_3966,1,5,just
5,control_00052,1,7,control
5,not_1776,1,7,not
5,not_1663,1,7,not
5,just_e_2798,1,7,just
5,only_2695,1,7,only
5,control_00040,1,7,control
5,control_00033,1,7,control
5,control_00043,1,7,control
5,just_e_5473,1,6,just
5,only_2903,1,6,only
5,only_3484,0,4,only
5,control_00044,1,7,control
5,just_e_1043,1,7,just
5,just_j_8648,1,6,just
5,not_1760,1,7,not
5,just_e_2762,1,7,just
5,not_1721,1,7,not
5,only_2678,1,7,only
5,not_1347,1,6,not
5,only_3332,1,7,only
5,only_3465,-1,2,only
5,just_e_12686,1,6,just
5,not_1270,1,7,not
5,just_j_7614,1,7,just
5,not_1286,1,7,not
5,control_00049,1,7,control
5,control_00035,1,7,control
5,just_e_5758,-1,3,just
5,not_2160,1,7,not
6,only_2682,-1,3,only
6,just_e_6323,-1,2,just
6,control_00032,1,7,control
6,only_3674,-1,2,only
6,control_00048,1,7,control
6,not_2698,1,7,not
6,not_1286,0,4,not
6,only_3867,1,5,only
6,just_e_7244,1,7,just
6,only_3340,1,5,only
6,control_00040,1,7,control
6,not_1353,1,7,not
6,not_2551,1,7,not
6,not_1663,1,5,not
6,just_e_5739,1,6,just
6,control_00037,1,7,control
6,control_00042,1,7,control
6,control_00047,1,7,control
6,just_j_10555,-1,2,just
6,only_3999,-1,3,only
6,control_00045,1,7,control
6,control_00035,1,7,control
6,control_00043,1,7,control
6,just_j_498,1,7,just
6,control_00052,1,7,control
6,not_1721,1,6,not
6,control_00030,1,7,control
6,only_3792,1,7,only
6,only_2695,1,6,only
6,just_e_1043,1,7,just
6,control_00056,1,7,control
6,not_1774,1,7,not
6,only_2678,1,5,only
6,just_j_8648,-1,2,just
6,not_2160,1,6,not
6,just_e_11908,1,5,just
6,control_00046,1,7,control
6,not_1754,1,7,not
6,not_1819,1,7,not
6,not_2138,1,7,not
6,only_2627,1,5,only
6,just_j_11362,1,5,just
6,only_4003,1,6,only
6,only_3484,-1,3,only
6,not_1406,1,7,not
6,just_j_7614,1,6,just
6,not_1761,1,7,not
6,control_00055,1,7,control
6,just_e_472,1,7,just
6,not_2456,1,7,not
6,just_e_9416,1,7,just
6,control_00054,1,7,control
6,just_e_976,1,7,just
6,just_e_6664,1,7,just
6,just_e_2612,1,7,just
6,only_3267,-1,1,only
6,only_3465,1,7,only
6,just_e_569,1,7,just
6,just_e_5758,1,6,just
6,only_3385,-1,1,only
6,only_2903,-1,1,only
6,control_00051,1,7,control
6,control_00058,1,7,control
6,only_3394,1,6,only
6,control_00049,1,7,control
6,control_00059,1,7,control
6,only_3568,-1,1,only
6,control_00044,1,7,control
6,just_j_8362,1,7,just
6,only_4172,1,6,only
6,just_e_9397,1,7,just
6,just_j_2141,1,6,just
6,control_00034,1,7,control
6,control_00041,1,7,control
6,only_2703,-1,1,only
6,not_1385,1,7,not
6,just_e_4966,1,5,just
6,not_1804,1,7,not
6,just_e_1246,1,7,just
6,control_00036,1,7,control
6,only_3570,-1,2,only
6,not_2405,-1,1,not
6,just_e_4632,0,4,just
6,not_2497,1,7,not
6,control_00039,1,7,control
6,control_00031,1,7,control
6,just_e_2798,1,6,just
6,just_j_8556,1,7,just
6,only_3483,-1,1,only
6,not_2467,1,7,not
6,control_00033,1,7,control
6,not_2168,1,7,not
6,not_1270,1,7,not
6,just_e_3966,1,7,just
6,just_e_12686,1,6,just
6,not_1668,1,7,not
6,just_j_5388,1,6,just
6,just_j_2401,1,6,just
6,only_3302,1,6,only
6,just_e_1267,1,7,just
6,control_00050,1,7,control
6,only_3779,1,7,only
6,control_00053,1,7,control
6,not_1776,1,7,not
6,control_00057,1,7,control
6,just_e_1157,1,7,just
6,not_1608,1,7,not
6,just_j_2522,1,6,just
6,not_1760,1,7,not
6,not_2378,1,6,not
6,only_3843,1,6,only
6,control_00038,1,7,control
6,not_2047,1,7,not
6,only_2470,-1,1,only
6,only_3930,-1,1,only
6,only_3392,1,7,only
6,just_j_2485,1,7,just
6,only_3393,1,7,only
6,just_e_2762,1,7,just
6,only_3332,1,7,only
6,not_2148,1,7,not
6,not_1347,1,7,not
6,not_2142,1,7,not
6,just_e_5473,1,7,just
6,only_3896,1,7,only
7,only_2695,1,7,only
7,just_e_5473,1,6,just
7,just_e_11908,1,6,just
7,not_1668,1,7,not
7,just_j_8648,1,7,just
7,not_2698,1,6,not
7,just_e_4632,-1,3,just
7,just_e_3966,0,4,just
7,only_3999,-1,2,only
7,not_1761,1,6,not
7,just_e_2612,1,7,just
7,just_e_2798,1,7,just
7,control_00035,1,7,control
7,control_00040,1,7,control
7,not_2148,1,7,not
7,just_e_7244,1,7,just
7,only_3483,1,5,only
7,not_2467,1,7,not
7,just_j_7614,1,7,just
7,control_00050,1,7,control
7,only_3392,1,7,only
7,not_1663,1,7,not
7,control_00046,1,7,control
7,just_e_6664,1,7,just
7,not_2142,1,5,not
7,control_00057,1,7,control
7,only_3267,-1,3,only
7,only_2703,-1,2,only
7,only_3385,-1,2,only
7,only_3340,-1,1,only
7,only_4172,1,7,only
7,just_e_472,1,7,just
7,control_00031,1,7,control
7,just_e_9397,1,6,just
7,just_e_4966,1,7,just
7,control_00039,1,7,control
7,only_3674,1,7,only
7,only_3930,-1,1,only
7,just_j_2401,1,7,just
7,control_00058,1,7,control
7,only_3570,-1,1,only
7,control_00032,1,7,control
7,control_00033,1,7,control
7,only_3332,1,7,only
7,just_e_1043,1,7,just
7,not_1385,1,7,not
7,only_3302,1,7,only
7,not_2551,1,7,not
7,control_00043,1,7,control
7,not_2047,1,7,not
7,not_2160,1,7,not
7,only_3568,-1,1,only
7,not_1721,1,6,not
7,just_j_2141,1,7,just
7,only_3394,1,7,only
7,only_2627,1,5,only
7,not_2456,1,7,not
7,not_2168,1,7,not
7,control_00041,1,7,control
7,not_1406,1,7,not
7,just_e_1246,1,7,just
7,only_3393,1,7,only
7,not_2405,1,7,not
7,just_j_11362,1,7,just
7,control_00054,1,7,control
7,only_3484,0,4,only
7,only_2470,-1,1,only
7,only_3843,1,7,only
7,just_j_8362,1,7,just
7,just_e_1157,1,7,just
7,only_4003,1,7,only
7,only_2678,1,6,only
7,just_j_2522,1,7,just
7,not_1286,1,7,not
7,just_e_12686,1,7,just
7,control_00049,1,7,control
7,only_3779,1,7,only
7,only_2903,1,7,only
7,control_00055,1,7,control
7,just_j_498,1,7,just
7,control_00030,1,7,control
7,just_e_5739,1,7,just
7,control_00048,0,4,control
7,just_e_6323,-1,1,just
7,just_j_5388,-1,2,just
7,just_j_10555,1,5,just
7,not_1347,1,6,not
7,just_j_2485,1,6,just
7,not_1776,1,7,not
7,just_e_1267,1,7,just
7,not_2497,0,4,not
7,control_00042,1,7,control
7,not_2138,1,7,not
7,control_00038,1,7,control
7,only_3465,1,7,only
7,not_1760,1,7,not
7,just_e_5758,-1,3,just
7,not_1819,1,7,not
7,not_2378,1,7,not
7,not_1353,1,7,not
7,just_j_8556,1,7,just
7,just_e_2762,1,7,just
7,only_2682,1,7,only
7,control_00052,1,7,control
7,just_e_569,1,7,just
7,control_00047,1,7,control
7,control_00036,1,7,control
7,not_1774,1,7,not
7,not_1804,1,5,not
7,only_3896,-1,2,only
7,control_00051,1,7,control
7,control_00037,1,7,control
7,just_e_976,1,7,just
7,just_e_9416,1,7,just
7,not_1754,1,7,not
7,control_00056,1,7,control
7,not_1270,1,7,not
7,control_00059,1,7,control
7,only_3867,0,4,only
7,control_00034,1,7,control
7,control_00053,1,7,control
7,control_00044,1,7,control
7,not_1608,1,7,not
7,control_00045,1,7,control
7,only_3792,1,7,only
8,just_e_6664,1,6,just
8,not_1761,1,7,not
8,only_3340,-1,1,only
8,not_2148,1,7,not
8,just_e_472,1,7,just
8,only_3393,1,7,only
8,only_2703,-1,1,only
8,not_1774,1,7,not
8,not_1406,1,7,not
8,just_e_6323,-1,1,just
8,only_3385,1,7,only
8,only_3483,-1,1,only
8,control_00056,1,7,control
8,only_3392,1,7,only
8,not_2168,1,7,not
8,control_00057,1,7,control
8,not_1819,1,7,not
8,not_1608,1,7,not
8,control_00048,1,7,control
8,just_j_498,-1,1,just
8,control_00053,1,7,control
8,not_2047,1,7,not
8,only_2470,1,7,only
8,just_j_2141,1,7,just
8,control_00059,1,7,control
8,control_00050,1,7,control
8,only_3267,-1,1,only
8,just_e_9397,1,7,just
8,not_2138,1,7,not
8,not_2405,1,7,not
8,not_2551,1,7,not
8,only_3302,1,7,only
8,just_j_8362,1,7,just
8,only_2627,1,7,only
8,not_2698,1,7,not
8,control_00036,1,7,control
8,control_00046,1,7,control
8,only_3674,1,7,only
8,just_j_10555,1,7,just
8,just_e_2612,1,7,just
8,only_3896,-1,1,only
8,just_e_4632,0,4,just
8,not_2142,1,7,not
8,only_3999,1,7,only
8,just_j_2485,1,7,just
8,control_00058,1,7,control
8,control_00054,1,7,control
8,control_00055,1,7,control
8,just_j_8556,1,7,just
8,control_00039,1,7,control
8,just_e_11908,1,7,just
8,just_e_976,0,4,just
8,just_e_7244,1,7,just
8,just_j_11362,0,4,just
8,control_00045,1,7,control
8,only_3867,1,7,only
8,control_00042,1,7,control
8,just_j_5388,0,4,just
8,not_1804,0,4,not
8,just_e_5739,1,7,just
8,only_3792,0,4,only
8,not_1754,1,7,not
8,only_3930,0,4,only
8,just_e_1157,0,4,just
8,not_2467,1,7,not
8,control_00037,1,7,control
8,only_4003,0,4,only
8,not_1353,1,7,not
8,just_e_4966,1,7,just
8,just_e_9416,0,4,just
8,not_2456,1,7,not
8,just_j_2401,0,4,just
8,control_00038,1,7,control
8,control_00032,1,7,control
8,not_2497,1,7,not
8,just_j_2522,0,4,just
8,control_00041,1,7,control
8,just_e_1267,0,4,just
8,only_4172,1,7,only
8,not_1668,1,7,not
8,only_2682,1,7,only
8,only_3779,0,4,only
8,control_00051,1,7,control
8,only_3570,0,4,only
8,control_00047,1,7,control
8,not_2378,1,7,not
8,control_00034,1,7,control
8,only_3568,0,4,only
8,just_e_569,1,7,just
8,control_00030,1,7,control
8,only_3394,1,7,only
8,only_3843,0,4,only
8,not_1385,1,7,not
8,just_e_1246,1,7,just
8,control_00031,1,7,control
8,just_e_3966,1,7,just
8,control_00052,1,7,control
8,not_1776,1,7,not
8,not_1663,1,7,not
8,just_e_2798,1,7,just
8,only_2695,1,7,only
8,control_00040,1,7,control
8,control_00033,1,7,control
8,control_00043,1,7,control
8,just_e_5473,1,7,just
8,only_2903,1,7,only
8,only_3484,1,7,only
8,control_00044,1,7,control
8,just_e_1043,1,7,just
8,just_j_8648,1,7,just
8,not_1760,0,4,not
8,just_e_2762,1,7,just
8,not_1721,1,7,not
8,only_2678,1,7,only
8,not_1347,1,7,not
8,only_3332,1,7,only
8,only_3465,1,7,only
8,just_e_12686,1,7,just
8,not_1270,1,7,not
8,just_j_7614,1,7,just
8,not_1286,1,7,not
8,control_00049,1,7,control
8,control_00035,1,7,control
8,just_e_5758,1,7,just
8,not_2160,1,7,not
9,not_2467,1,7,not
9,control_00033,1,7,control
9,only_3570,1,7,only
9,just_j_2141,1,6,just
9,only_3393,1,7,only
9,only_2903,1,6,only
9,control_00042,1,7,control
9,control_00030,1,7,control
9,just_e_2612,1,7,just
9,only_3484,0,4,only
9,only_3394,1,7,only
9,only_3674,1,7,only
9,control_00046,1,7,control
9,only_3930,1,5,only
9,just_e_1043,1,6,just
9,control_00055,1,7,control
9,only_2682,1,6,only
9,only_3267,1,6,only
9,control_00034,1,7,control
9,control_00057,1,7,control
9,not_1776,1,6,not
9,just_e_7244,1,6,just
9,not_1347,1,6,not
9,just_e_976,1,6,just
9,not_1721,1,7,not
9,just_e_1157,1,7,just
9,just_e_11908,1,6,just
9,control_00037,1,7,control
9,control_00032,1,7,control
9,control_00056,1,7,control
9,not_2047,1,6,not
9,just_e_3966,1,5,just
9,only_2678,1,7,only
9,not_1406,1,6,not
9,not_2160,1,6,not
9,not_2497,1,6,not
9,just_e_9397,1,5,just
9,control_00041,1,7,control
9,just_e_9416,1,7,just
9,control_00053,1,7,control
9,not_1761,1,6,not
9,not_2138,1,7,not
9,control_00039,1,7,control
9,only_4172,0,4,only
9,just_j_7614,1,7,just
9,just_e_5758,0,4,just
9,not_1385,1,6,not
9,not_1754,1,7,not
9,just_e_5473,1,5,just
9,just_j_8556,1,7,just
9,control_00040,1,7,control
9,just_j_11362,1,6,just
9,only_3896,-1,3,only
9,control_00045,1,7,control
9,control_00035,1,7,control
9,not_2148,1,6,not
9,not_1804,1,6,not
9,control_00043,1,7,control
9,control_00054,1,7,control
9,just_j_498,1,6,just
9,not_1608,1,7,not
9,control_00049,1,7,control
9,not_1760,1,7,not
9,just_e_569,1,7,just
9,just_e_472,1,6,just
9,only_4003,-1,2,only
9,only_2627,0,4,only
9,not_1774,1,7,not
9,just_e_6664,1,5,just
9,not_1353,1,7,not
9,just_e_4966,1,6,just
9,just_e_12686,1,7,just
9,control_00050,1,7,control
9,not_2142,1,7,not
9,just_j_10555,0,4,just
9,only_3483,-1,2,only
9,only_3792,0,4,only
9,not_2551,1,7,not
9,not_1819,1,6,not
9,only_3779,1,7,only
9,only_3385,-1,2,only
9,not_1663,1,6,not
9,control_00048,1,7,control
9,just_j_8362,1,7,just
9,only_3999,0,4,only
9,not_2405,1,7,not
9,only_3843,1,6,only
9,not_1668,1,7,not
9,control_00031,1,7,control
9,only_3568,1,6,only
9,not_1270,1,7,not
9,only_2695,1,6,only
9,just_e_4632,1,5,just
9,only_2703,-1,1,only
9,control_00036,1,7,control
9,control_00059,1,7,control
9,just_j_2522,1,6,just
9,only_3332,1,7,only
9,just_j_8648,1,6,just
9,only_3465,1,6,only
9,only_2470,-1,3,only
9,only_3340,-1,3,only
9,not_2456,1,6,not
9,only_3867,0,4,only
9,only_3302,1,6,only
9,just_e_1246,1,7,just
9,control_00052,1,7,control
9,only_3392,1,7,only
9,not_2378,1,7,not
9,control_00044,1,7,control
9,just_e_2762,1,7,just
9,not_2168,1,7,not
9,control_00038,1,7,control
9,control_00047,1,7,control
9,just_j_5388,1,7,just
9,just_e_2798,1,7,just
9,just_e_5739,1,6,just
9,control_00051,1,7,control
9,just_e_1267,1,7,just
9,just_e_6323,-1,2,just
9,not_2698,1,6,not
9,not_1286,1,6,not
9,just_j_2485,1,6,just
9,just_j_2401,1,6,just
9,control_00058,1,7,control
